,Input ordering,Input size,Run number,Sorting algorithm,Time
0,sorted,10,1,Merge sort,4.104139999999461e-05
1,sorted,10,2,Merge sort,4.263584999998784e-05
2,sorted,10,3,Merge sort,4.121176000003288e-05
3,sorted,10,4,Merge sort,4.2169490000014775e-05
4,sorted,10,5,Merge sort,4.122016999999687e-05
5,sorted,10,6,Merge sort,4.069626000000426e-05
6,sorted,10,7,Merge sort,4.077109999998356e-05
7,sorted,10,1,Heapsort,3.2624230000010355e-05
8,sorted,10,2,Heapsort,3.2583500000009735e-05
9,sorted,10,3,Heapsort,4.330324999996265e-05
10,sorted,10,4,Heapsort,4.340241999998398e-05
11,sorted,10,5,Heapsort,3.9412710000033255e-05
12,sorted,10,6,Heapsort,3.330062999998517e-05
13,sorted,10,7,Heapsort,4.006739999999809e-05
14,sorted,10,1,Quicksort,2.939267000001564e-05
15,sorted,10,2,Quicksort,2.631773999996767e-05
16,sorted,10,3,Quicksort,2.6622210000005e-05
17,sorted,10,4,Quicksort,3.3670720000009166e-05
18,sorted,10,5,Quicksort,3.2677669999975475e-05
19,sorted,10,6,Quicksort,3.296949999999015e-05
20,sorted,10,7,Quicksort,2.5088000000005195e-05
21,sorted,10,1,Built-in Python,9.640905999995085e-07
22,sorted,10,2,Built-in Python,9.363727999998445e-07
23,sorted,10,3,Built-in Python,9.566060000006474e-07
24,sorted,10,4,Built-in Python,9.451773999999204e-07
25,sorted,10,5,Built-in Python,9.528073999999833e-07
26,sorted,10,6,Built-in Python,9.538282000003165e-07
27,sorted,10,7,Built-in Python,9.363672000008592e-07
28,sorted,10,1,Numpy,7.550397999993947e-06
29,sorted,10,2,Numpy,7.634977999996409e-06
30,sorted,10,3,Numpy,7.515448000003744e-06
31,sorted,10,4,Numpy,7.553666000003432e-06
32,sorted,10,5,Numpy,7.6265279999915946e-06
33,sorted,10,6,Numpy,7.636071999995693e-06
34,sorted,10,7,Numpy,7.630325999998604e-06
35,sorted,100,1,Merge sort,0.0005266778000004706
36,sorted,100,2,Merge sort,0.0005405514000003677
37,sorted,100,3,Merge sort,0.0005399921999996877
38,sorted,100,4,Merge sort,0.0005236275999995996
39,sorted,100,5,Merge sort,0.0005279762000000119
40,sorted,100,6,Merge sort,0.0005390199999992547
41,sorted,100,7,Merge sort,0.0005310515999999553
42,sorted,100,1,Heapsort,0.0006344775999996273
43,sorted,100,2,Heapsort,0.0006228579999997236
44,sorted,100,3,Heapsort,0.0006285470000002533
45,sorted,100,4,Heapsort,0.0006481401999999434
46,sorted,100,5,Heapsort,0.0006138350000001083
47,sorted,100,6,Heapsort,0.0006424766000000091
48,sorted,100,7,Heapsort,0.0006267254000003959
49,sorted,100,1,Quicksort,0.0015121804999989764
50,sorted,100,2,Quicksort,0.0015171344999998838
51,sorted,100,3,Quicksort,0.0015043904999993173
52,sorted,100,4,Quicksort,0.0015266550000001189
53,sorted,100,5,Quicksort,0.0015239139999994222
54,sorted,100,6,Quicksort,0.0014966409999988173
55,sorted,100,7,Quicksort,0.0015300850000016907
56,sorted,100,1,Built-in Python,4.424372000003132e-06
57,sorted,100,2,Built-in Python,4.388817999997627e-06
58,sorted,100,3,Built-in Python,4.656809999996767e-06
59,sorted,100,4,Built-in Python,4.542529999998805e-06
60,sorted,100,5,Built-in Python,4.434771999995064e-06
61,sorted,100,6,Built-in Python,4.441136000004917e-06
62,sorted,100,7,Built-in Python,4.471863999997368e-06
63,sorted,100,1,Numpy,1.9223859999988234e-05
64,sorted,100,2,Numpy,1.910504499999206e-05
65,sorted,100,3,Numpy,1.896038499999122e-05
66,sorted,100,4,Numpy,1.9091649999995753e-05
67,sorted,100,5,Numpy,1.8778114999986427e-05
68,sorted,100,6,Numpy,1.898941500001001e-05
69,sorted,100,7,Numpy,1.8828005000000302e-05
70,sorted,1000,1,Merge sort,0.011120131999996374
71,sorted,1000,2,Merge sort,0.00937570400000368
72,sorted,1000,3,Merge sort,0.009033817999998063
73,sorted,1000,4,Merge sort,0.008924827999999252
74,sorted,1000,5,Merge sort,0.007194461999997657
75,sorted,1000,6,Merge sort,0.007103885999995328
76,sorted,1000,7,Merge sort,0.008315024000003177
77,sorted,1000,1,Heapsort,0.010861180000006243
78,sorted,1000,2,Heapsort,0.011004954999998517
79,sorted,1000,3,Heapsort,0.010837854999999763
80,sorted,1000,4,Heapsort,0.011007830000016839
81,sorted,1000,5,Heapsort,0.010880509999992682
82,sorted,1000,6,Heapsort,0.010738960000003317
83,sorted,1000,7,Heapsort,0.01126750500000071
84,sorted,1000,1,Built-in Python,3.897580000002563e-05
85,sorted,1000,2,Built-in Python,3.835156000004645e-05
86,sorted,1000,3,Built-in Python,3.8384339999993245e-05
87,sorted,1000,4,Built-in Python,3.7711399999989225e-05
88,sorted,1000,5,Built-in Python,3.800739999996949e-05
89,sorted,1000,6,Built-in Python,4.2328279999946974e-05
90,sorted,1000,7,Built-in Python,3.87221199999658e-05
91,sorted,1000,1,Numpy,0.0001361842499998147
92,sorted,1000,2,Numpy,0.000138387099999818
93,sorted,1000,3,Numpy,0.0001371057500000461
94,sorted,1000,4,Numpy,0.00013738150000017414
95,sorted,1000,5,Numpy,0.00013712120000013782
96,sorted,1000,6,Numpy,0.00013932360000012522
97,sorted,1000,7,Numpy,0.0001362994000000981
98,sorted,10000,1,Merge sort,0.08924944000000323
99,sorted,10000,2,Merge sort,0.09122550000001865
100,sorted,10000,3,Merge sort,0.09008016000007046
101,sorted,10000,4,Merge sort,0.09225634000003993
102,sorted,10000,5,Merge sort,0.09167649999999412
103,sorted,10000,6,Merge sort,0.0891406000000643
104,sorted,10000,7,Merge sort,0.09107737999993333
105,sorted,10000,1,Heapsort,0.1709619499999917
106,sorted,10000,2,Heapsort,0.15517915000009452
107,sorted,10000,3,Heapsort,0.1511587499999223
108,sorted,10000,4,Heapsort,0.15501949999998033
109,sorted,10000,5,Heapsort,0.1563680500000828
110,sorted,10000,6,Heapsort,0.15403779999996914
111,sorted,10000,7,Heapsort,0.15813180000009197
112,sorted,10000,1,Built-in Python,0.000411638600000515
113,sorted,10000,2,Built-in Python,0.0004204273999994257
114,sorted,10000,3,Built-in Python,0.000417458799999622
115,sorted,10000,4,Built-in Python,0.00039784079999935783
116,sorted,10000,5,Built-in Python,0.00039588199999980134
117,sorted,10000,6,Built-in Python,0.00039859899999919435
118,sorted,10000,7,Built-in Python,0.00039609939999991185
119,sorted,10000,1,Numpy,0.0013243675000012445
120,sorted,10000,2,Numpy,0.001383160499999576
121,sorted,10000,3,Numpy,0.0015320524999992812
122,sorted,10000,4,Numpy,0.0013155555000003004
123,sorted,10000,5,Numpy,0.0012733470000011948
124,sorted,10000,6,Numpy,0.001417887500001598
125,sorted,10000,7,Numpy,0.0013016640000000734
126,sorted,100000,1,Merge sort,1.1468544999997903
127,sorted,100000,2,Merge sort,1.1263549999998759
128,sorted,100000,3,Merge sort,1.1370911999997588
129,sorted,100000,4,Merge sort,1.1210095000001274
130,sorted,100000,5,Merge sort,1.1442525999996178
131,sorted,100000,6,Merge sort,1.1305985999997574
132,sorted,100000,7,Merge sort,1.1331938999996964
133,sorted,100000,1,Heapsort,2.030181000000084
134,sorted,100000,2,Heapsort,1.9957666999998764
135,sorted,100000,3,Heapsort,2.01310119999971
136,sorted,100000,4,Heapsort,2.003034700000171
137,sorted,100000,5,Heapsort,2.02974630000017
138,sorted,100000,6,Heapsort,2.0134382999999616
139,sorted,100000,7,Heapsort,2.0070464000000356
140,sorted,100000,1,Built-in Python,0.02350771999999779
141,sorted,100000,2,Built-in Python,0.02348205999996935
142,sorted,100000,3,Built-in Python,0.023739530000011656
143,sorted,100000,4,Built-in Python,0.02472189999998591
144,sorted,100000,5,Built-in Python,0.02403064000000086
145,sorted,100000,6,Built-in Python,0.023417990000007195
146,sorted,100000,7,Built-in Python,0.02284992999998394
147,sorted,100000,1,Numpy,0.0424389799999517
148,sorted,100000,2,Numpy,0.04248752000003151
149,sorted,100000,3,Numpy,0.04271650000000591
150,sorted,100000,4,Numpy,0.046962439999970226
151,sorted,100000,5,Numpy,0.047470939999948315
152,sorted,100000,6,Numpy,0.04619939999993221
153,sorted,100000,7,Numpy,0.04660404000005656
154,sorted,1000000,1,Merge sort,14.312380200000007
155,sorted,1000000,2,Merge sort,14.251451500000258
156,sorted,1000000,3,Merge sort,13.989215200000217
157,sorted,1000000,4,Merge sort,14.008203700000195
158,sorted,1000000,5,Merge sort,13.952365099999952
159,sorted,1000000,6,Merge sort,14.932341299999734
160,sorted,1000000,7,Merge sort,15.103456599999845
161,sorted,1000000,1,Heapsort,24.71011640000006
162,sorted,1000000,2,Heapsort,24.66405850000001
163,sorted,1000000,3,Heapsort,24.804662000000008
164,sorted,1000000,4,Heapsort,24.81123340000022
165,sorted,1000000,5,Heapsort,24.85434619999978
166,sorted,1000000,6,Heapsort,24.685074500000155
167,sorted,1000000,7,Heapsort,24.61513960000002
168,sorted,1000000,1,Built-in Python,0.2825880000000325
169,sorted,1000000,2,Built-in Python,0.28574170000001686
170,sorted,1000000,3,Built-in Python,0.33962049999990995
171,sorted,1000000,4,Built-in Python,0.27915580000035334
172,sorted,1000000,5,Built-in Python,0.28397629999972196
173,sorted,1000000,6,Built-in Python,0.32250710000016625
174,sorted,1000000,7,Built-in Python,0.2760619000000588
175,sorted,1000000,1,Numpy,0.5216207999997096
176,sorted,1000000,2,Numpy,0.5401192999997875
177,sorted,1000000,3,Numpy,0.5252219999997578
178,sorted,1000000,4,Numpy,0.5249799999996867
179,sorted,1000000,5,Numpy,0.5167393000001539
180,sorted,1000000,6,Numpy,0.4978471000003992
181,sorted,1000000,7,Numpy,0.5071077999996305
182,sorted,10000000,1,Merge sort,180.9627814999999
183,sorted,10000000,2,Merge sort,180.87132629999996
184,sorted,10000000,3,Merge sort,181.1692776
185,sorted,10000000,4,Merge sort,181.59511470000007
186,sorted,10000000,5,Merge sort,181.51906949999966
187,sorted,10000000,6,Merge sort,180.59526619999997
188,sorted,10000000,7,Merge sort,181.0373384000004
189,sorted,10000000,1,Heapsort,325.71716339999966
190,sorted,10000000,2,Heapsort,319.1494382000001
191,sorted,10000000,3,Heapsort,325.01192790000005
192,sorted,10000000,4,Heapsort,321.25817460000053
193,sorted,10000000,5,Heapsort,316.7852759999996
194,sorted,10000000,6,Heapsort,337.45633570000064
195,sorted,10000000,7,Heapsort,354.5733712000001
196,sorted,10000000,1,Built-in Python,4.636193299999832
197,sorted,10000000,2,Built-in Python,5.53476800000044
198,sorted,10000000,3,Built-in Python,4.758291400000417
199,sorted,10000000,4,Built-in Python,5.444822099999328
200,sorted,10000000,5,Built-in Python,6.373488300000645
201,sorted,10000000,6,Built-in Python,6.393682400000216
202,sorted,10000000,7,Built-in Python,6.075607200000377
203,sorted,10000000,1,Numpy,11.164871399999356
204,sorted,10000000,2,Numpy,10.648998499999834
205,sorted,10000000,3,Numpy,9.999205600000096
206,sorted,10000000,4,Numpy,7.591421199999786
207,sorted,10000000,5,Numpy,7.351536000000124
208,sorted,10000000,6,Numpy,7.3630167999999685
209,sorted,10000000,7,Numpy,7.263480999999956
210,sorted,100000000,1,Merge sort,2328.5698713
211,sorted,100000000,2,Merge sort,2352.8587811999987
212,sorted,100000000,3,Merge sort,2309.5502093000014
213,sorted,100000000,4,Merge sort,2299.542179600001
214,sorted,100000000,5,Merge sort,2311.5935331
215,sorted,100000000,6,Merge sort,2300.4553369000023
216,sorted,100000000,7,Merge sort,2304.7973998000016
217,sorted,100000000,1,Heapsort,3370.638361000001
218,sorted,100000000,2,Heapsort,3362.7228447000016
219,sorted,100000000,3,Heapsort,3367.269949200003
220,sorted,100000000,4,Heapsort,3367.1932151
221,sorted,100000000,5,Heapsort,3365.5945940999954
222,sorted,100000000,6,Heapsort,3379.6364644999994
223,sorted,100000000,7,Heapsort,3367.8629864999966
224,sorted,100000000,1,Built-in Python,65.28401519999898
225,sorted,100000000,2,Built-in Python,64.5966069999995
226,sorted,100000000,3,Built-in Python,65.29920320000383
227,sorted,100000000,4,Built-in Python,65.0425647000011
228,sorted,100000000,5,Built-in Python,64.70327170000382
229,sorted,100000000,6,Built-in Python,63.89204500000051
230,sorted,100000000,7,Built-in Python,68.80734110000049
231,sorted,100000000,1,Numpy,117.07225910000125
232,sorted,100000000,2,Numpy,102.30018450000352
233,sorted,100000000,3,Numpy,101.2341688000015
234,sorted,100000000,4,Numpy,103.32884809999814
235,sorted,100000000,5,Numpy,101.44469509999908
236,sorted,100000000,6,Numpy,102.63473250000243
237,sorted,100000000,7,Numpy,101.95108340000297
238,reverse,10,1,Merge sort,4.534542000037618e-05
239,reverse,10,2,Merge sort,4.504711999907158e-05
240,reverse,10,3,Merge sort,4.50909799998044e-05
241,reverse,10,4,Merge sort,4.575436000013724e-05
242,reverse,10,5,Merge sort,4.56568800000241e-05
243,reverse,10,6,Merge sort,4.527987999899778e-05
244,reverse,10,7,Merge sort,4.211951999895973e-05
245,reverse,10,1,Heapsort,2.6471690000471427e-05
246,reverse,10,2,Heapsort,2.6430989999789744e-05
247,reverse,10,3,Heapsort,2.7375419999589213e-05
248,reverse,10,4,Heapsort,2.5752639999700476e-05
249,reverse,10,5,Heapsort,2.5339440000243484e-05
250,reverse,10,6,Heapsort,2.5343090000387745e-05
251,reverse,10,7,Heapsort,2.628002999990713e-05
252,reverse,10,1,Quicksort,2.0060080000257586e-05
253,reverse,10,2,Quicksort,2.1042599999782398e-05
254,reverse,10,3,Quicksort,2.0334919999731937e-05
255,reverse,10,4,Quicksort,2.038276000021142e-05
256,reverse,10,5,Quicksort,2.0384490000287768e-05
257,reverse,10,6,Quicksort,2.0227710000472143e-05
258,reverse,10,7,Quicksort,2.0404270000290124e-05
259,reverse,10,1,Built-in Python,9.621680000054767e-07
260,reverse,10,2,Built-in Python,9.313340000153403e-07
261,reverse,10,3,Built-in Python,9.655935000046155e-07
262,reverse,10,4,Built-in Python,9.590129999924101e-07
263,reverse,10,5,Built-in Python,9.568154999942635e-07
264,reverse,10,6,Built-in Python,9.601395000208868e-07
265,reverse,10,7,Built-in Python,9.460235000005923e-07
266,reverse,10,1,Numpy,7.677763999963645e-06
267,reverse,10,2,Numpy,7.66057600005297e-06
268,reverse,10,3,Numpy,7.734741999884137e-06
269,reverse,10,4,Numpy,7.801712000073166e-06
270,reverse,10,5,Numpy,7.6938899999368e-06
271,reverse,10,6,Numpy,7.687959999893793e-06
272,reverse,10,7,Numpy,7.767683999991277e-06
273,reverse,100,1,Merge sort,0.0005523207999940495
274,reverse,100,2,Merge sort,0.0005571176000084961
275,reverse,100,3,Merge sort,0.0005484667999990051
276,reverse,100,4,Merge sort,0.0005511683999939123
277,reverse,100,5,Merge sort,0.0005564413999964017
278,reverse,100,6,Merge sort,0.0005564918000018224
279,reverse,100,7,Merge sort,0.0005527888000069652
280,reverse,100,1,Heapsort,0.0005264717999962159
281,reverse,100,2,Heapsort,0.0005126638000074309
282,reverse,100,3,Heapsort,0.0005360432000015862
283,reverse,100,4,Heapsort,0.000517217000000528
284,reverse,100,5,Heapsort,0.0005237677999975858
285,reverse,100,6,Heapsort,0.0005093957999924896
286,reverse,100,7,Heapsort,0.0005300730000017211
287,reverse,100,1,Quicksort,0.0010223024999868357
288,reverse,100,2,Quicksort,0.0009830765000151587
289,reverse,100,3,Quicksort,0.0009670424999785609
290,reverse,100,4,Quicksort,0.0009721999999965192
291,reverse,100,5,Quicksort,0.0009898495000015828
292,reverse,100,6,Quicksort,0.0009962020000239137
293,reverse,100,7,Quicksort,0.0009995675000027404
294,reverse,100,1,Built-in Python,4.478926000010688e-06
295,reverse,100,2,Built-in Python,4.3836600000213366e-06
296,reverse,100,3,Built-in Python,4.458070000109728e-06
297,reverse,100,4,Built-in Python,4.385652000055415e-06
298,reverse,100,5,Built-in Python,4.414026000013109e-06
299,reverse,100,6,Built-in Python,4.403634000045713e-06
300,reverse,100,7,Built-in Python,4.394954000017606e-06
301,reverse,100,1,Numpy,1.9217380000191042e-05
302,reverse,100,2,Numpy,1.9376249999913853e-05
303,reverse,100,3,Numpy,1.9463209999958053e-05
304,reverse,100,4,Numpy,1.9245740000042132e-05
305,reverse,100,5,Numpy,1.9585969999752707e-05
306,reverse,100,6,Numpy,1.91236900005606e-05
307,reverse,100,7,Numpy,1.999412000004668e-05
308,reverse,1000,1,Merge sort,0.007166915999987395
309,reverse,1000,2,Merge sort,0.007253188000031514
310,reverse,1000,3,Merge sort,0.007421264000004158
311,reverse,1000,4,Merge sort,0.007255643999960739
312,reverse,1000,5,Merge sort,0.007226898000080837
313,reverse,1000,6,Merge sort,0.0072904719998769
314,reverse,1000,7,Merge sort,0.00732722200002172
315,reverse,1000,1,Heapsort,0.009076450000065961
316,reverse,1000,2,Heapsort,0.009119940000164205
317,reverse,1000,3,Heapsort,0.009117274999880465
318,reverse,1000,4,Heapsort,0.009399035000024014
319,reverse,1000,5,Heapsort,0.009154180000041378
320,reverse,1000,6,Heapsort,0.009066315000018222
321,reverse,1000,7,Heapsort,0.00914948000026925
322,reverse,1000,1,Built-in Python,3.6957280000206084e-05
323,reverse,1000,2,Built-in Python,3.70543800003361e-05
324,reverse,1000,3,Built-in Python,3.702081999945221e-05
325,reverse,1000,4,Built-in Python,3.660906000004616e-05
326,reverse,1000,5,Built-in Python,3.798626000061631e-05
327,reverse,1000,6,Built-in Python,3.711028000107035e-05
328,reverse,1000,7,Built-in Python,3.746168000070611e-05
329,reverse,1000,1,Numpy,0.00014122299999871758
330,reverse,1000,2,Numpy,0.0001407198500019149
331,reverse,1000,3,Numpy,0.0001405202999994799
332,reverse,1000,4,Numpy,0.00014282699999967007
333,reverse,1000,5,Numpy,0.00014193449999947916
334,reverse,1000,6,Numpy,0.00014184649999879185
335,reverse,1000,7,Numpy,0.00014275719999932334
336,reverse,10000,1,Merge sort,0.09413175000008778
337,reverse,10000,2,Merge sort,0.09025785000267206
338,reverse,10000,3,Merge sort,0.09539704999770038
339,reverse,10000,4,Merge sort,0.09404459999859682
340,reverse,10000,5,Merge sort,0.09020594999674358
341,reverse,10000,6,Merge sort,0.09192834999703337
342,reverse,10000,7,Merge sort,0.09160625000004075
343,reverse,10000,1,Heapsort,0.1341031500014651
344,reverse,10000,2,Heapsort,0.13523034999889205
345,reverse,10000,3,Heapsort,0.13415570000142907
346,reverse,10000,4,Heapsort,0.13644790000034845
347,reverse,10000,5,Heapsort,0.13750494999840157
348,reverse,10000,6,Heapsort,0.13828889999786043
349,reverse,10000,7,Heapsort,0.13567425000292133
350,reverse,10000,1,Built-in Python,0.00039690400000836235
351,reverse,10000,2,Built-in Python,0.0003873017999867443
352,reverse,10000,3,Built-in Python,0.00040067040000576527
353,reverse,10000,4,Built-in Python,0.0004082831999985501
354,reverse,10000,5,Built-in Python,0.00043598439999914263
355,reverse,10000,6,Built-in Python,0.00039623220000066793
356,reverse,10000,7,Built-in Python,0.0003962976000038907
357,reverse,10000,1,Numpy,0.0013790700000026845
358,reverse,10000,2,Numpy,0.0013847614999758662
359,reverse,10000,3,Numpy,0.0014267409999956725
360,reverse,10000,4,Numpy,0.0013823865000085788
361,reverse,10000,5,Numpy,0.001368887499993434
362,reverse,10000,6,Numpy,0.0014024580000113929
363,reverse,10000,7,Numpy,0.001402824500000861
364,reverse,100000,1,Merge sort,1.1899539000005461
365,reverse,100000,2,Merge sort,1.1988338000010117
366,reverse,100000,3,Merge sort,1.1848915000009583
367,reverse,100000,4,Merge sort,1.1927084999988438
368,reverse,100000,5,Merge sort,1.1843066000001272
369,reverse,100000,6,Merge sort,1.2053761999995913
370,reverse,100000,7,Merge sort,1.2646488000027603
371,reverse,100000,1,Heapsort,1.8525112999996054
372,reverse,100000,2,Heapsort,1.8318794000006164
373,reverse,100000,3,Heapsort,1.845351700001629
374,reverse,100000,4,Heapsort,1.8593194999994012
375,reverse,100000,5,Heapsort,1.8556000999960816
376,reverse,100000,6,Heapsort,1.8462499999950523
377,reverse,100000,7,Heapsort,1.8553810999947018
378,reverse,100000,1,Built-in Python,0.023497290000523207
379,reverse,100000,2,Built-in Python,0.025223059999552787
380,reverse,100000,3,Built-in Python,0.023872230000415585
381,reverse,100000,4,Built-in Python,0.023420400000031805
382,reverse,100000,5,Built-in Python,0.023716630000126315
383,reverse,100000,6,Built-in Python,0.023730029999569524
384,reverse,100000,7,Built-in Python,0.02400391000046511
385,reverse,100000,1,Numpy,0.045756939999409954
386,reverse,100000,2,Numpy,0.04912867999955779
387,reverse,100000,3,Numpy,0.07625524000031873
388,reverse,100000,4,Numpy,0.04529391999967629
389,reverse,100000,5,Numpy,0.043514659999345895
390,reverse,100000,6,Numpy,0.04527852000028361
391,reverse,100000,7,Numpy,0.07564229999989039
392,reverse,1000000,1,Merge sort,14.87883540000621
393,reverse,1000000,2,Merge sort,14.99357250000321
394,reverse,1000000,3,Merge sort,14.974403100000927
395,reverse,1000000,4,Merge sort,15.026082600001246
396,reverse,1000000,5,Merge sort,15.022120599998743
397,reverse,1000000,6,Merge sort,15.18202640000527
398,reverse,1000000,7,Merge sort,15.648442500001693
399,reverse,1000000,1,Heapsort,23.429291500004183
400,reverse,1000000,2,Heapsort,23.442204799997853
401,reverse,1000000,3,Heapsort,23.644588100003602
402,reverse,1000000,4,Heapsort,23.980528200001572
403,reverse,1000000,5,Heapsort,23.526430199999595
404,reverse,1000000,6,Heapsort,23.49186650000047
405,reverse,1000000,7,Heapsort,23.56057889999647
406,reverse,1000000,1,Built-in Python,0.2823738000006415
407,reverse,1000000,2,Built-in Python,0.29160550000233343
408,reverse,1000000,3,Built-in Python,0.35086309999314835
409,reverse,1000000,4,Built-in Python,0.28508099999453407
410,reverse,1000000,5,Built-in Python,0.2832828000027803
411,reverse,1000000,6,Built-in Python,0.28859129999909783
412,reverse,1000000,7,Built-in Python,0.28377119999640854
413,reverse,1000000,1,Numpy,0.538916400000744
414,reverse,1000000,2,Numpy,0.5084901000009268
415,reverse,1000000,3,Numpy,0.564277099998435
416,reverse,1000000,4,Numpy,0.5282557000027737
417,reverse,1000000,5,Numpy,0.5340759000027901
418,reverse,1000000,6,Numpy,0.5314609999986715
419,reverse,1000000,7,Numpy,0.5267745000019204
420,reverse,10000000,1,Merge sort,201.88647770000534
421,reverse,10000000,2,Merge sort,202.04386169999634
422,reverse,10000000,3,Merge sort,203.1513586000001
423,reverse,10000000,4,Merge sort,201.98850390000007
424,reverse,10000000,5,Merge sort,201.81014770000183
425,reverse,10000000,6,Merge sort,203.6474062999987
426,reverse,10000000,7,Merge sort,203.08559490000334
427,reverse,10000000,1,Heapsort,281.96761040000274
428,reverse,10000000,2,Heapsort,281.811106299996
429,reverse,10000000,3,Heapsort,281.533806200001
430,reverse,10000000,4,Heapsort,281.14918110000144
431,reverse,10000000,5,Heapsort,281.86442050000187
432,reverse,10000000,6,Heapsort,282.50643480000144
433,reverse,10000000,7,Heapsort,280.8510066000017
434,reverse,10000000,1,Built-in Python,4.270271400004276
435,reverse,10000000,2,Built-in Python,4.248638500001107
436,reverse,10000000,3,Built-in Python,4.37360610000178
437,reverse,10000000,4,Built-in Python,4.28814009999769
438,reverse,10000000,5,Built-in Python,4.199503600000753
439,reverse,10000000,6,Built-in Python,4.235545399998955
440,reverse,10000000,7,Built-in Python,4.294771699998819
441,reverse,10000000,1,Numpy,7.1622346000003745
442,reverse,10000000,2,Numpy,7.184928199996648
443,reverse,10000000,3,Numpy,7.145887500002573
444,reverse,10000000,4,Numpy,7.197217399996589
445,reverse,10000000,5,Numpy,7.295729099998425
446,reverse,10000000,6,Numpy,7.209996799996588
447,reverse,10000000,7,Numpy,7.496477000000596
448,reverse,100000000,1,Merge sort,2751.9904297999965
449,reverse,100000000,2,Merge sort,2794.360258199995
450,reverse,100000000,3,Merge sort,2781.6763061999955
451,reverse,100000000,4,Merge sort,2688.3747454999975
452,reverse,100000000,5,Merge sort,2668.888014199998
453,reverse,100000000,6,Merge sort,2691.995211600006
454,reverse,100000000,7,Merge sort,2655.4689278000005
455,reverse,100000000,1,Heapsort,3636.116289800004
456,reverse,100000000,2,Heapsort,3296.6189845000044
457,reverse,100000000,3,Heapsort,3316.9056445999886
458,reverse,100000000,4,Heapsort,3311.177178500002
459,reverse,100000000,5,Heapsort,3299.3551107999956
460,reverse,100000000,6,Heapsort,3303.6324050999974
461,reverse,100000000,7,Heapsort,3517.4338634000014
462,reverse,100000000,1,Built-in Python,78.11592850000306
463,reverse,100000000,2,Built-in Python,95.20503470000403
464,reverse,100000000,3,Built-in Python,111.69868490000954
465,reverse,100000000,4,Built-in Python,117.03745449999406
466,reverse,100000000,5,Built-in Python,85.5019203999982
467,reverse,100000000,6,Built-in Python,97.09148299999651
468,reverse,100000000,7,Built-in Python,72.6328732999973
469,reverse,100000000,1,Numpy,124.91960779999499
470,reverse,100000000,2,Numpy,164.34257719999005
471,reverse,100000000,3,Numpy,175.26866250000603
472,reverse,100000000,4,Numpy,127.04097950000141
473,reverse,100000000,5,Numpy,125.52439039999445
474,reverse,100000000,6,Numpy,237.918382200005
475,reverse,100000000,7,Numpy,140.0442017000023
476,random,10,1,Merge sort,5.797209999873303e-05
477,random,10,2,Merge sort,5.881035999918822e-05
478,random,10,3,Merge sort,5.8823479997226965e-05
479,random,10,4,Merge sort,6.039782000007108e-05
480,random,10,5,Merge sort,6.636378000257536e-05
481,random,10,6,Merge sort,9.113832000002731e-05
482,random,10,7,Merge sort,6.461762000108138e-05
483,random,10,1,Heapsort,5.72652000002563e-05
484,random,10,2,Heapsort,6.805883999913932e-05
485,random,10,3,Heapsort,7.822920000180602e-05
486,random,10,4,Heapsort,0.00011346461999928578
487,random,10,5,Heapsort,6.431830000074114e-05
488,random,10,6,Heapsort,5.550409999850672e-05
489,random,10,7,Heapsort,0.00015840749999915715
490,random,10,1,Quicksort,0.00012791029999789316
491,random,10,2,Quicksort,6.488501999992877e-05
492,random,10,3,Quicksort,4.3145380000351e-05
493,random,10,4,Quicksort,5.687103999953251e-05
494,random,10,5,Quicksort,6.854359999997541e-05
495,random,10,6,Quicksort,6.558520000253338e-05
496,random,10,7,Quicksort,3.467032000189647e-05
497,random,10,1,Built-in Python,8.129596000071615e-06
498,random,10,2,Built-in Python,7.301069999812171e-06
499,random,10,3,Built-in Python,7.066966000129469e-06
500,random,10,4,Built-in Python,6.782959999982267e-06
501,random,10,5,Built-in Python,6.116340000007767e-06
502,random,10,6,Built-in Python,5.562367999809794e-06
503,random,10,7,Built-in Python,5.4082359999301845e-06
504,random,10,1,Numpy,5.780159999849275e-06
505,random,10,2,Numpy,5.880880000186153e-06
506,random,10,3,Numpy,5.788902000058442e-06
507,random,10,4,Numpy,5.861836000112817e-06
508,random,10,5,Numpy,5.709744000050705e-06
509,random,10,6,Numpy,6.178530000033789e-06
510,random,10,7,Numpy,6.678501999995206e-06
511,random,100,1,Merge sort,0.000879058199992869
512,random,100,2,Merge sort,0.0007605087999836542
513,random,100,3,Merge sort,0.0008384126000164542
514,random,100,4,Merge sort,0.0007175639999913983
515,random,100,5,Merge sort,0.000725691800005734
516,random,100,6,Merge sort,0.0007231945999956224
517,random,100,7,Merge sort,0.0007434358000173233
518,random,100,1,Heapsort,0.001081003500003135
519,random,100,2,Heapsort,0.0011369345000275643
520,random,100,3,Heapsort,0.0011142210000252817
521,random,100,4,Heapsort,0.0034751294999296077
522,random,100,5,Heapsort,0.0034237445000326262
523,random,100,6,Heapsort,0.002137755000003381
524,random,100,7,Heapsort,0.001842340500006685
525,random,100,1,Quicksort,0.0010255187999864575
526,random,100,2,Quicksort,0.0004708127999911085
527,random,100,3,Quicksort,0.000681773600023007
528,random,100,4,Quicksort,0.0009451722000085283
529,random,100,5,Quicksort,0.0005518009999941569
530,random,100,6,Quicksort,0.000632926199992653
531,random,100,7,Quicksort,0.0006380458000057842
532,random,100,1,Built-in Python,3.738181999942754e-05
533,random,100,2,Built-in Python,3.908299000031547e-05
534,random,100,3,Built-in Python,4.0025099999911615e-05
535,random,100,4,Built-in Python,4.312938999937614e-05
536,random,100,5,Built-in Python,4.152234999928623e-05
537,random,100,6,Built-in Python,4.227509000047576e-05
538,random,100,7,Built-in Python,4.144867000140948e-05
539,random,100,1,Numpy,8.290111999958753e-06
540,random,100,2,Numpy,9.43857600010233e-06
541,random,100,3,Numpy,8.739293999969959e-06
542,random,100,4,Numpy,9.872582000098192e-06
543,random,100,5,Numpy,8.163459999777841e-06
544,random,100,6,Numpy,1.363500599982217e-05
545,random,100,7,Numpy,3.079420200025197e-05
546,random,1000,1,Merge sort,0.009554559999960474
547,random,1000,2,Merge sort,0.010030032000213396
548,random,1000,3,Merge sort,0.009543937999987975
549,random,1000,4,Merge sort,0.009686031999881379
550,random,1000,5,Merge sort,0.010469117999891751
551,random,1000,6,Merge sort,0.009958617999800481
552,random,1000,7,Merge sort,0.009655624000006356
553,random,1000,1,Heapsort,0.01773989499997697
554,random,1000,2,Heapsort,0.026448214999982157
555,random,1000,3,Heapsort,0.019480184999702034
556,random,1000,4,Heapsort,0.019649999999819555
557,random,1000,5,Heapsort,0.019041134999861244
558,random,1000,6,Heapsort,0.017891860000236192
559,random,1000,7,Heapsort,0.017663834999984827
560,random,1000,1,Quicksort,0.007326389999943786
561,random,1000,2,Quicksort,0.00709154199983459
562,random,1000,3,Quicksort,0.007357503999955952
563,random,1000,4,Quicksort,0.0071049080000375395
564,random,1000,5,Quicksort,0.007006842000118922
565,random,1000,6,Quicksort,0.006944692000106442
566,random,1000,7,Quicksort,0.007106519999797456
567,random,1000,1,Built-in Python,0.0004402613999845926
568,random,1000,2,Built-in Python,0.0004416841999918688
569,random,1000,3,Built-in Python,0.00044677499998942947
570,random,1000,4,Built-in Python,0.000443342999991728
571,random,1000,5,Built-in Python,0.00044313319999491794
572,random,1000,6,Built-in Python,0.00044096239999635145
573,random,1000,7,Built-in Python,0.0004537662000220735
574,random,1000,1,Numpy,5.247249999956693e-05
575,random,1000,2,Numpy,5.1028080002288336e-05
576,random,1000,3,Numpy,5.0601459998870265e-05
577,random,1000,4,Numpy,5.410898000118323e-05
578,random,1000,5,Numpy,7.331616000155919e-05
579,random,1000,6,Numpy,5.669730000081472e-05
580,random,1000,7,Numpy,6.609677999804262e-05
581,random,10000,1,Merge sort,0.14638985000055982
582,random,10000,2,Merge sort,0.1442936999956146
583,random,10000,3,Merge sort,0.13162124999507796
584,random,10000,4,Merge sort,0.14708930000051623
585,random,10000,5,Merge sort,0.11902335000195308
586,random,10000,6,Merge sort,0.11715275000460679
587,random,10000,7,Merge sort,0.11800965000293218
588,random,10000,1,Heapsort,0.30744330000015907
589,random,10000,2,Heapsort,0.2766871999920113
590,random,10000,3,Heapsort,0.29203500000585336
591,random,10000,4,Heapsort,0.24979739999980666
592,random,10000,5,Heapsort,0.2650254999898607
593,random,10000,6,Heapsort,0.38941519999934826
594,random,10000,7,Heapsort,0.7093525999953272
595,random,10000,1,Quicksort,0.1969011000037426
596,random,10000,2,Quicksort,0.166392300001462
597,random,10000,3,Quicksort,0.35932420000608545
598,random,10000,4,Quicksort,0.27249509999819566
599,random,10000,5,Quicksort,0.24238739999418613
600,random,10000,6,Quicksort,0.17839709999680053
601,random,10000,7,Quicksort,0.2615886999992654
602,random,10000,1,Built-in Python,0.006206862000108231
603,random,10000,2,Built-in Python,0.007033577999973204
604,random,10000,3,Built-in Python,0.006032601999759208
605,random,10000,4,Built-in Python,0.007354492000013124
606,random,10000,5,Built-in Python,0.00623384399979841
607,random,10000,6,Built-in Python,0.006177144000248518
608,random,10000,7,Built-in Python,0.005987843999755569
609,random,10000,1,Numpy,0.0011316617999982555
610,random,10000,2,Numpy,0.0011168718000117224
611,random,10000,3,Numpy,0.0011405063999991398
612,random,10000,4,Numpy,0.0014536253999976906
613,random,10000,5,Numpy,0.0013207019999972544
614,random,10000,6,Numpy,0.001250633400020888
615,random,10000,7,Numpy,0.0012669295999803581
616,random,100000,1,Merge sort,1.6738616999937221
617,random,100000,2,Merge sort,1.6165359000005992
618,random,100000,3,Merge sort,1.4327576000068802
619,random,100000,4,Merge sort,1.4650757000054
620,random,100000,5,Merge sort,1.463498700002674
621,random,100000,6,Merge sort,1.4613787999987835
622,random,100000,7,Merge sort,1.45060700000613
623,random,100000,1,Heapsort,4.175625699994271
624,random,100000,2,Heapsort,3.771355199991376
625,random,100000,3,Heapsort,3.508612199992058
626,random,100000,4,Heapsort,4.48594939999748
627,random,100000,5,Heapsort,4.873592699994333
628,random,100000,6,Heapsort,3.474386999994749
629,random,100000,7,Heapsort,3.203969499998493
630,random,100000,1,Quicksort,1.1200217000005068
631,random,100000,2,Quicksort,1.121171200007666
632,random,100000,3,Quicksort,1.1293626000115182
633,random,100000,4,Quicksort,1.139567399994121
634,random,100000,5,Quicksort,1.134778699997696
635,random,100000,6,Quicksort,1.1467109999939566
636,random,100000,7,Quicksort,1.148414600000251
637,random,100000,1,Built-in Python,0.10331895000126678
638,random,100000,2,Built-in Python,0.10465090000070632
639,random,100000,3,Built-in Python,0.10599505000573117
640,random,100000,4,Built-in Python,0.11017780000111088
641,random,100000,5,Built-in Python,0.10148794999986421
642,random,100000,6,Built-in Python,0.1008442499951343
643,random,100000,7,Built-in Python,0.10423805000027642
644,random,100000,1,Numpy,0.015085364999686135
645,random,100000,2,Numpy,0.015078084999549901
646,random,100000,3,Numpy,0.015067735000047832
647,random,100000,4,Numpy,0.014908090000244557
648,random,100000,5,Numpy,0.015045625000493602
649,random,100000,6,Numpy,0.015004644999862649
650,random,100000,7,Numpy,0.014922769999975572
651,random,1000000,1,Merge sort,16.48379090000526
652,random,1000000,2,Merge sort,16.28152639999462
653,random,1000000,3,Merge sort,16.563894799997797
654,random,1000000,4,Merge sort,16.237003099988215
655,random,1000000,5,Merge sort,16.346293700000388
656,random,1000000,6,Merge sort,16.237913100005244
657,random,1000000,7,Merge sort,16.546739800003706
658,random,1000000,1,Heapsort,41.343320500003756
659,random,1000000,2,Heapsort,44.80341489998682
660,random,1000000,3,Heapsort,40.77560090000043
661,random,1000000,4,Heapsort,44.074382899998454
662,random,1000000,5,Heapsort,49.59762309999496
663,random,1000000,6,Heapsort,42.95040660000814
664,random,1000000,7,Heapsort,47.282105699996464
665,random,1000000,1,Quicksort,14.369918600001256
666,random,1000000,2,Quicksort,14.276377699992736
667,random,1000000,3,Quicksort,15.368336900006398
668,random,1000000,4,Quicksort,17.153670899991994
669,random,1000000,5,Quicksort,14.453984600011609
670,random,1000000,6,Quicksort,14.425082799993106
671,random,1000000,7,Quicksort,15.125244199996814
672,random,1000000,1,Built-in Python,1.6971043000085047
673,random,1000000,2,Built-in Python,1.6411329999973532
674,random,1000000,3,Built-in Python,1.9473411999933887
675,random,1000000,4,Built-in Python,1.7689841999963392
676,random,1000000,5,Built-in Python,1.7759869000001345
677,random,1000000,6,Built-in Python,1.7939798000006704
678,random,1000000,7,Built-in Python,1.718352199997753
679,random,1000000,1,Numpy,0.1831684499993571
680,random,1000000,2,Numpy,0.17275510000035865
681,random,1000000,3,Numpy,0.16097365000314312
682,random,1000000,4,Numpy,0.16271584999776678
683,random,1000000,5,Numpy,0.14546844999858877
684,random,1000000,6,Numpy,0.16680800000176532
685,random,1000000,7,Numpy,0.1760200499993516
686,random,10000000,1,Merge sort,214.3247796999931
687,random,10000000,2,Merge sort,214.3963589999912
688,random,10000000,3,Merge sort,266.85941640000965
689,random,10000000,4,Merge sort,401.8435399000009
690,random,10000000,5,Merge sort,419.25278189999517
691,random,10000000,6,Merge sort,289.78920550001203
692,random,10000000,7,Merge sort,295.6475199000124
693,random,10000000,1,Heapsort,496.06372459999693
694,random,10000000,2,Heapsort,490.08896280000044
695,random,10000000,3,Heapsort,490.94486050000705
696,random,10000000,4,Heapsort,489.5995913000079
697,random,10000000,5,Heapsort,490.2575055000052
698,random,10000000,6,Heapsort,492.6309016000014
699,random,10000000,7,Heapsort,491.97637119999854
700,random,10000000,1,Quicksort,169.3360088000045
701,random,10000000,2,Quicksort,168.2846159000037
702,random,10000000,3,Quicksort,168.78529499999422
703,random,10000000,4,Quicksort,168.87001100000634
704,random,10000000,5,Quicksort,168.95030700000643
705,random,10000000,6,Quicksort,169.1317027999903
706,random,10000000,7,Quicksort,170.57464690000052
707,random,10000000,1,Built-in Python,22.21960379999655
708,random,10000000,2,Built-in Python,22.220967400004156
709,random,10000000,3,Built-in Python,21.812129700003425
710,random,10000000,4,Built-in Python,21.977363900005003
711,random,10000000,5,Built-in Python,22.179869500003406
712,random,10000000,6,Built-in Python,22.114648999995552
713,random,10000000,7,Built-in Python,22.060986000011326
714,random,10000000,1,Numpy,2.0607519000041066
715,random,10000000,2,Numpy,2.0635918000043603
716,random,10000000,3,Numpy,2.064613599999575
717,random,10000000,4,Numpy,1.840899700007867
718,random,10000000,5,Numpy,1.859674699997413
719,random,10000000,6,Numpy,1.991931199998362
720,random,10000000,7,Numpy,1.9547097999893595
721,random,100000000,1,Merge sort,2085.6724808
722,random,100000000,2,Merge sort,2076.670040600002
723,random,100000000,3,Merge sort,2073.299369900007
724,random,100000000,4,Merge sort,2071.8569707999995
725,random,100000000,5,Merge sort,2075.1415041
726,random,100000000,6,Merge sort,2072.9286431999935
727,random,100000000,7,Merge sort,2090.439719499991
728,random,100000000,1,Heapsort,5637.0215133000165
729,random,100000000,2,Heapsort,5935.4695655000105
730,random,100000000,3,Heapsort,6352.881287299999
731,random,100000000,4,Heapsort,5917.383775900002
732,random,100000000,5,Heapsort,5807.916529099981
733,random,100000000,6,Heapsort,5943.646597799991
734,random,100000000,7,Heapsort,5854.5318939000135
735,random,100000000,1,Quicksort,1881.2145953
736,random,100000000,2,Quicksort,1889.6707166999986
737,random,100000000,3,Quicksort,1885.2926801999856
738,random,100000000,4,Quicksort,1894.9287103000097
739,random,100000000,5,Quicksort,1883.8471618999902
740,random,100000000,6,Quicksort,1887.7285700999782
741,random,100000000,7,Quicksort,1974.8374890999985
742,random,100000000,1,Built-in Python,335.79513929999666
743,random,100000000,2,Built-in Python,334.410950999998
744,random,100000000,3,Built-in Python,332.82429500002763
745,random,100000000,4,Built-in Python,331.0490647999977
746,random,100000000,5,Built-in Python,329.68686129999696
747,random,100000000,6,Built-in Python,339.39556160001666
748,random,100000000,7,Built-in Python,328.7915565999865
749,random,100000000,1,Numpy,22.08063989999937
750,random,100000000,2,Numpy,22.64299100000062
751,random,100000000,3,Numpy,22.525545299984515
752,random,100000000,4,Numpy,21.698291199980304
753,random,100000000,5,Numpy,22.735205400007544
754,random,100000000,6,Numpy,21.35290190001251
755,random,100000000,7,Numpy,21.82647050000378
